City_ID,City,Lat,Lng,Max Temp,Humidity,Cloudiness,Wind Speed,Country,Date
0,severo-yeniseyskiy,60.3725,93.0408,56.28,56,100,6.98,RU,1689210316
1,dryden,49.7833,-92.7503,70.09,46,0,9.22,CA,1689210316
2,nizhneudinsk,54.9076,99.0276,61.72,85,44,1.45,RU,1689210316
3,umuarama,-23.7664,-53.325,69.35,68,96,7.49,BR,1689210208
4,iqaluit,63.7506,-68.5145,47.93,93,100,12.66,CA,1689210317
5,hawaiian paradise park,19.5933,-154.9731,83.71,70,20,9.22,US,1689210317
6,ushuaia,-54.8,-68.3,38.86,52,0,12.66,AR,1689210112
7,freetown,8.484,-13.2299,78.51,83,75,10.36,SL,1689210317
8,taunsa,30.7048,70.6505,96.13,36,5,4.0,PK,1689210062
9,college,64.8569,-147.8028,70.59,60,100,1.01,US,1689210138
10,porto novo,6.4965,2.6036,76.82,92,100,5.5,BJ,1689210033
11,puerto natales,-51.7236,-72.4875,24.17,88,100,2.35,CL,1689210175
12,el calafate,-50.3408,-72.2768,20.25,75,100,1.63,AR,1689210318
13,carnarvon,-24.8667,113.6333,63.03,76,0,10.58,AU,1689210318
14,san patricio,28.017,-97.5169,89.46,71,20,18.14,US,1689210318
15,nuevo baztan,40.3673,-3.2413,77.45,33,95,6.22,ES,1689210319
16,grytviken,-54.2811,-36.5092,25.09,79,6,9.06,GS,1689210319
17,puerto ayora,-0.7393,-90.3518,78.55,91,76,5.01,EC,1689210232
18,ebon,4.582,168.6964,84.43,74,15,16.08,MH,1689210319
19,mejit,10.2753,170.8646,83.3,77,27,17.94,MH,1689210319
20,wailua homesteads,22.0669,-159.378,84.99,76,20,9.22,US,1689210319
21,port-aux-francais,-49.35,70.2167,38.55,73,37,37.74,TF,1689210320
22,olonkinbyen,70.9221,-8.7187,40.73,96,100,25.12,SJ,1689210320
23,klyuchi,52.2667,79.1667,82.99,36,1,4.25,RU,1689210320
24,dunedin,-45.8742,170.5036,51.8,73,100,8.99,NZ,1689209741
25,vorgashor,67.5833,63.95,46.04,59,0,10.8,RU,1689210320
26,bredasdorp,-34.5322,20.0403,46.13,88,1,3.76,ZA,1689210320
27,umluj,25.0213,37.2685,85.14,61,10,9.86,SA,1689210321
28,sisimiut,66.9395,-53.6735,57.6,73,77,4.03,GL,1689210321
29,farafangana,-22.8167,47.8333,64.26,67,77,7.45,MG,1689210321
30,yayva,59.3303,57.2641,64.18,98,93,6.85,RU,1689210321
31,carbondale,37.7273,-89.2168,86.29,72,0,13.8,US,1689210090
32,tralee,52.2704,-9.7026,53.55,92,81,6.29,IE,1689210321
33,waitangi,-43.9535,-176.5597,48.81,79,100,11.99,NZ,1689210322
34,port mathurin,-19.6833,63.4167,74.73,76,78,8.84,MU,1689210322
35,northam,51.0333,-4.2167,59.61,90,28,12.35,GB,1689210322
36,gorontalo,0.5412,123.0595,83.46,77,38,2.48,ID,1689210322
37,turaif,31.6725,38.6637,79.05,17,0,11.5,SA,1689210323
38,east london,-33.0153,27.9116,57.79,61,0,8.12,ZA,1689210323
39,port alfred,-33.5906,26.891,56.16,79,0,8.55,ZA,1689210323
40,mahanje,-9.9333,35.3333,56.8,83,100,2.3,TZ,1689210323
41,amursk,50.2261,136.8994,76.1,36,59,4.61,RU,1689210323
42,mar del plata,-38.0023,-57.5575,49.08,78,100,18.01,AR,1689210153
43,hermanus,-34.4187,19.2345,51.8,61,6,10.87,ZA,1689210324
44,ar ruways,24.1103,52.7306,90.34,66,100,11.45,AE,1689210324
45,ancud,-41.8697,-73.8203,45.05,77,100,9.48,CL,1689210324
46,male,4.1748,73.5089,82.35,89,20,6.91,MV,1689210324
47,marsh harbour,26.5412,-77.0636,85.1,70,99,4.76,BS,1689210317
48,taveta,-3.3963,37.6736,65.1,79,90,7.2,KE,1689210324
49,richards bay,-28.783,32.0377,56.43,84,0,5.23,ZA,1689210325
50,kalach-na-donu,48.691,43.5264,57.47,80,18,8.21,RU,1689210325
51,invercargill,-46.4,168.35,50.52,86,100,12.26,NZ,1689210325
52,port elizabeth,-33.918,25.5701,44.89,100,0,5.75,ZA,1689210325
53,papatowai,-46.5619,169.4708,49.78,86,100,13.82,NZ,1689210325
54,broken hill,-31.95,141.4333,55.47,45,73,10.87,AU,1689210326
55,lebu,-37.6167,-73.65,47.52,67,100,1.48,CL,1689210326
56,saint-pierre,-21.3393,55.4781,69.48,60,6,9.22,RE,1689210326
57,calama,-22.4667,-68.9333,54.09,26,0,8.05,CL,1689210060
58,enewetak,11.3474,162.3373,83.37,78,18,16.49,MH,1689210326
59,constantia,44.1833,28.65,70.7,84,100,13.47,RO,1689210091
60,bethel,41.3712,-73.414,81.48,71,0,4.61,US,1689210327
61,vila velha,-20.3297,-40.2925,73.94,82,0,18.41,BR,1689210327
62,praia da vitoria,38.7333,-27.0667,71.85,94,75,24.32,PT,1689210164
63,port blair,11.6667,92.75,82.44,83,20,4.61,IN,1689210327
64,isafjordur,66.0755,-23.124,42.44,86,92,10.83,IS,1689210327
65,bani walid,31.7566,13.9942,69.08,74,0,5.64,LY,1689210327
66,la'ie,21.6477,-157.9253,89.56,67,89,5.99,US,1689210328
67,vadso,70.0744,29.7487,68.88,67,100,10.36,NO,1689210328
68,ust-nera,64.5667,143.2,78.08,42,100,8.28,RU,1689210328
69,coahuayana de hidalgo,18.7,-103.6583,85.55,71,19,4.5,MX,1689210328
70,pokhara,28.2333,83.9833,73.47,92,100,1.23,NP,1689210328
71,namibe,-15.1961,12.1522,70.83,40,0,4.45,AO,1689210328
72,polyarnyy,69.1989,33.4478,56.12,61,100,11.16,RU,1689210329
73,hirara,24.8,125.2833,89.87,70,40,16.11,JP,1689210329
74,jamestown,42.097,-79.2353,71.19,100,75,0.0,US,1689210227
75,thompson,55.7435,-97.8558,57.36,82,100,3.44,CA,1689210118
76,obolensk,54.9774,37.2245,47.93,65,100,8.95,RU,1689210329
77,bilibino,68.0546,166.4372,72.1,36,0,6.93,RU,1689210329
78,happy valley-goose bay,53.3168,-60.3315,66.51,88,75,8.05,CA,1689210329
79,adamstown,-25.066,-130.1015,70.97,77,18,13.2,PN,1689210330
80,mount darwin,-16.7725,31.5838,43.57,91,2,3.22,ZW,1689210330
81,ola,59.5833,151.2833,55.15,89,100,7.36,RU,1689210330
82,margaret river,-33.95,115.0667,58.5,56,9,15.77,AU,1689210031
83,aasiaat,68.7098,-52.8699,39.38,98,100,6.96,GL,1689210330
84,nikolayevsk-on-amure,53.1406,140.73,80.76,33,10,3.74,RU,1689210331
85,atafu village,-8.5421,-172.5159,82.65,76,88,7.27,TK,1689210331
86,andovoranto,-18.95,49.1,68.22,78,97,15.59,MG,1689210331
87,rongelap,11.1635,166.8941,82.85,80,91,17.27,MH,1689210331
88,acarau,-2.8856,-40.12,78.98,82,0,15.26,BR,1689210331
89,djamaa,33.5339,5.9931,91.02,18,3,9.53,DZ,1689210332
90,valparaiso,-33.0393,-71.6273,59.0,65,0,4.61,CL,1689210332
91,khandyga,62.6667,135.6,75.16,65,97,4.34,RU,1689210332
92,inongo,-1.95,18.2667,71.01,74,99,4.29,CD,1689210332
93,blackmans bay,-43.0167,147.3167,59.74,63,100,9.55,AU,1689210332
94,georgetown,5.4112,100.3354,84.24,92,40,7.0,MY,1689210060
95,utrik,11.2278,169.8474,82.72,79,66,18.07,MH,1689210333
96,sheridan,44.8333,-106.9173,83.01,41,0,6.91,US,1689210265
97,talnakh,69.4865,88.3972,36.21,99,100,12.46,RU,1689210333
98,nishinoomote,30.7333,131.0,84.76,89,75,8.05,JP,1689210333
99,balqash,46.8481,74.995,79.39,34,0,13.42,KZ,1689210333
100,terrigal,-33.45,151.45,67.28,48,0,5.91,AU,1689210333
101,fort bragg,35.139,-79.006,85.73,70,0,10.36,US,1689210250
102,leh,34.1667,77.5833,54.0,33,91,10.04,IN,1689210334
103,nieuw nickerie,5.95,-56.9833,77.7,87,82,4.74,SR,1689210334
104,kismayo,-0.3582,42.5454,76.66,81,51,17.27,SO,1689210334
105,albany,42.6001,-73.9662,73.02,86,50,2.53,US,1689210064
106,okhotsk,59.3833,143.3,60.17,72,76,4.7,RU,1689210334
107,tromso,69.6496,18.957,64.38,67,19,2.3,NO,1689210334
108,pisco,-13.7,-76.2167,69.85,73,40,12.66,PE,1689210099
109,stettler,52.3168,-112.7186,65.95,72,100,18.41,CA,1689210054
110,gotsucho,35.0,132.2167,78.53,87,100,10.29,JP,1689210335
111,vicuna,-30.0319,-70.7081,51.53,32,100,7.74,CL,1689210185
112,krasnyy kholm,58.0607,37.1203,50.47,92,100,11.39,RU,1689210335
113,malabar,-33.9667,151.25,65.71,59,0,8.05,AU,1689210335
114,camayenne,9.535,-13.6878,78.89,94,75,6.91,GN,1689210335
115,jutai,-5.1833,-68.9,79.47,73,98,0.83,BR,1689210336
116,nyurba,63.2842,118.3319,64.02,55,9,6.67,RU,1689210336
117,yellowknife,62.456,-114.3525,82.92,26,40,16.11,CA,1689210098
118,balcarce,-37.8462,-58.2552,39.81,90,100,5.01,AR,1689210039
119,longyearbyen,78.2186,15.6401,48.04,71,75,14.97,SJ,1689210336
120,nuku'alofa,-21.1333,-175.2,73.74,73,75,13.8,TO,1689210336
121,edinburgh of the seven seas,-37.0676,-12.3116,56.73,88,100,18.1,SH,1689210337
122,kavieng,-2.5744,150.7967,83.3,76,97,13.2,PG,1689210337
123,hadibu,12.65,54.0333,77.83,81,66,23.69,YE,1689210137
124,yulinshi,38.2906,109.7494,67.26,58,100,13.29,CN,1689210337
125,lihue,21.9789,-159.3672,85.59,69,20,9.22,US,1689210240
126,portland,45.5234,-122.6762,86.0,48,20,9.22,US,1689210337
127,laascaanood,8.4774,47.3597,72.75,62,1,26.91,SO,1689210337
128,alva,56.1528,-3.8051,56.66,96,47,6.17,GB,1689210338
129,new norfolk,-42.7826,147.0587,60.93,60,86,9.37,AU,1689210338
130,filey,54.21,-0.2892,56.88,87,34,11.36,GB,1689210338
131,bom jesus do itabapoana,-21.1339,-41.6797,72.81,72,38,3.47,BR,1689210112
132,hithadhoo,-0.6,73.0833,82.09,76,69,7.92,MV,1689210338
133,krasnyy yar,46.5331,48.3456,67.96,70,19,8.41,RU,1689210338
134,la passe,45.5549,-0.8967,64.98,78,34,7.74,FR,1689210338
135,kingston,17.997,-76.7936,86.95,84,20,11.5,JM,1689210073
136,isangel,-19.55,169.2667,77.11,61,75,5.75,VU,1689210339
137,ribeira grande,38.5167,-28.7,69.78,98,92,13.0,PT,1689210339
138,vilyuchinsk,52.9306,158.4028,68.27,60,15,3.15,RU,1689210339
139,kone,-21.0595,164.8658,75.34,43,11,9.82,NC,1689210339
140,lensk,60.7253,114.9278,65.84,51,36,5.17,RU,1689210339
141,jalapa,19.5333,-96.9167,66.94,96,57,3.04,MX,1689210339
142,yemva,62.59,50.8594,57.99,96,100,12.12,RU,1689210340
143,kapuskasing,49.4169,-82.4331,71.69,49,20,4.61,CA,1689210340
144,papao,-17.75,-149.55,83.88,71,0,18.61,PF,1689210340
145,santa cruz,-17.8,-63.1667,76.46,88,75,2.3,BO,1689210340
146,orastie,45.8333,23.2,68.0,91,7,3.6,RO,1689210340
147,puerto deseado,-47.7503,-65.8938,37.54,86,9,9.78,AR,1689210116
148,itarantim,-15.6597,-40.0656,63.52,94,6,2.17,BR,1689210340
149,anadyr,64.75,177.4833,63.1,63,40,17.9,RU,1689210341
150,fisterra,42.9049,-9.2629,60.75,84,79,8.16,ES,1689210341
151,bridgewater,44.3835,-64.5155,69.12,92,1,9.22,CA,1689210341
152,st. john's,47.5649,-52.7093,58.89,93,40,5.75,CA,1689210053
153,calvinia,-31.4707,19.776,48.31,41,93,6.67,ZA,1689210341
154,kasempa,-13.4584,25.8338,51.94,64,0,9.04,ZM,1689210341
155,ad dabbah,18.05,30.95,88.56,15,1,8.77,SD,1689210341
156,horovice,49.836,13.9027,69.69,94,100,5.64,CZ,1689210090
157,arraial do cabo,-22.9661,-42.0278,72.14,87,10,22.26,BR,1689210342
158,ballina,-28.8667,153.5667,63.79,66,3,5.61,AU,1689210342
159,al kharj,24.155,47.3346,93.78,15,100,5.86,SA,1689210342
160,xining,36.6167,101.7667,52.03,90,100,1.68,CN,1689210342
161,crane,31.3974,-102.3501,96.12,26,88,0.51,US,1689210342
162,labe,11.3182,-12.2833,65.84,92,47,1.39,GN,1689210342
163,iskateley,67.6803,53.1512,45.64,72,100,12.1,RU,1689210343
164,lamu,-2.2717,40.902,77.22,83,58,16.49,KE,1689210343
165,sitka,57.0531,-135.33,58.89,72,0,6.91,US,1689210198
166,west island,-12.1568,96.8225,78.78,89,75,20.71,CC,1689210343
167,daru,-9.0763,143.2092,79.29,82,64,16.2,PG,1689210343
168,keflavik,64.0049,-22.5624,48.11,71,20,18.41,IS,1689210343
169,buckeye,33.3703,-112.5838,110.16,21,0,4.61,US,1689210344
170,georgievka,49.3314,81.5761,78.22,37,0,3.58,KZ,1689210344
171,thomaston,32.8882,-84.3266,83.08,76,0,3.44,US,1689210339
172,ulundi,-28.3352,31.4162,49.78,83,0,4.03,ZA,1689210142
173,cromer,52.9312,1.2989,57.2,86,4,12.57,GB,1689210344
174,tulnici,45.9167,26.6667,64.15,93,100,6.11,RO,1689210344
175,suva,-18.1416,178.4415,76.48,69,40,9.22,FJ,1689210344
176,mokhsogollokh,61.4681,128.9203,61.09,83,100,4.83,RU,1689210345
177,saipan,15.1355,145.701,84.9,100,20,13.8,MP,1689210345
178,stanley,54.868,-1.6985,54.79,90,20,11.5,GB,1689210345
179,tiksi,71.6872,128.8694,45.59,66,19,11.63,RU,1689210345
180,karratha,-20.7377,116.8463,73.81,45,0,7.65,AU,1689210345
181,masuguru,-11.3667,38.4167,67.62,71,81,7.36,TZ,1689210345
182,riversdale,18.1659,-76.9642,85.86,93,8,2.48,JM,1689210346
183,palu,-0.8917,119.8707,80.55,87,100,1.14,ID,1689210346
184,hovd,48.0056,91.6419,67.44,50,19,3.83,MN,1689210346
185,dudinka,69.4058,86.1778,36.63,95,100,16.69,RU,1689210346
186,margate,51.3813,1.3862,58.69,87,25,4.0,GB,1689210346
187,thohoyandou,-22.9456,30.485,46.94,95,1,3.53,ZA,1689210346
188,lompoc,34.6391,-120.4579,91.02,88,0,6.91,US,1689210346
189,yuzhno-kurilsk,44.0306,145.8556,62.69,92,92,3.98,RU,1689210347
190,usinsk,65.9939,57.5281,52.07,73,13,20.38,RU,1689210347
191,punta arenas,-53.15,-70.9167,32.11,86,100,13.8,CL,1689210347
192,porto belo,-27.1578,-48.5531,70.09,97,100,12.82,BR,1689210347
193,igrim,63.1906,64.4162,57.79,67,54,10.47,RU,1689210347
194,kailua-kona,19.6406,-155.9956,80.51,87,79,5.01,US,1689210347
195,auray,47.6703,-2.9918,63.75,90,27,8.66,FR,1689210347
196,santa ana,33.7456,-117.8678,98.49,29,40,9.22,US,1689210059
197,garcia,25.8167,-100.5833,96.66,31,80,4.94,MX,1689210348
198,lubango,-14.9172,13.4925,48.06,40,0,6.91,AO,1689210348
199,urzhar,47.093,81.6294,82.29,31,0,3.98,KZ,1689210348
200,jiuquan,39.7432,98.5174,73.83,28,4,20.24,CN,1689210348
201,mount pearl,47.5166,-52.7813,58.06,93,40,5.75,CA,1689210348
202,flying fish cove,-10.4217,105.6791,76.68,78,75,16.11,CX,1689210349
203,chonchi,-42.6128,-73.8092,43.12,94,100,2.82,CL,1689210349
204,upata,8.0086,-62.3989,72.68,88,34,4.43,VE,1689210349
205,waspan,14.7419,-83.9717,76.98,97,92,3.36,NI,1689210349
206,manakara,-22.1333,48.0167,63.41,74,79,6.87,MG,1689210349
207,airdrie,55.866,-3.9803,54.79,86,26,7.92,GB,1689210162
208,ylitornio,66.3089,23.6773,58.03,59,100,4.21,FI,1689210349
209,cockburn town,21.4612,-71.1419,82.63,84,0,17.98,TC,1689210350
210,sinabang,2.4803,96.3801,79.16,81,100,4.03,ID,1689210350
211,tsiombe,-25.3,45.4833,65.5,54,96,9.01,MG,1689210350
212,kalkaman,51.9525,76.0211,88.93,28,17,5.93,KZ,1689210350
213,dakhla,23.6848,-15.958,68.31,94,7,15.61,EH,1689210350
214,kongsvinger,60.1905,11.9977,57.87,99,89,3.36,NO,1689210351
215,hami,42.8,93.45,82.26,19,0,4.09,CN,1689210351
216,latrobe,40.3212,-79.3795,79.3,66,0,0.0,US,1689210104
217,okha,53.5739,142.9478,61.95,65,41,15.59,RU,1689210351
218,omdurman,15.6445,32.4777,90.61,36,14,12.37,SD,1689210352
219,dingwall,57.5953,-4.4272,55.9,88,95,4.68,GB,1689210352
220,ta`u,-14.2336,-169.5144,80.98,81,25,16.15,AS,1689210352
221,pointe-noire,-4.7761,11.8635,69.08,96,49,3.83,CG,1689210352
222,batticaloa,7.7102,81.6924,80.1,74,44,1.97,LK,1689210353
223,north shore,-36.8,174.75,61.47,73,5,8.01,NZ,1689210353
224,wucheng,29.6008,118.175,87.21,67,100,3.11,CN,1689210353
225,arkhangel'sk,64.5401,40.5433,54.68,65,100,10.36,RU,1689210353
226,gambiran satu,-8.3939,114.1464,75.43,90,98,4.54,ID,1689210353
227,aksu,41.1231,80.2644,77.92,35,0,5.88,CN,1689210353
228,tolanaro,-25.0319,46.9987,63.14,70,27,5.84,MG,1689210354
229,ilulissat,69.2167,-51.1,50.02,71,20,0.0,GL,1689210354
230,nizhnyaya poyma,56.1622,97.1933,65.64,69,7,4.5,RU,1689210354
231,oriximina,-1.7656,-55.8661,79.79,69,100,3.83,BR,1689210354
232,inari,68.906,27.0288,57.4,54,100,3.04,FI,1689210354
233,el porvenir,13.7617,-87.3458,78.13,73,100,5.68,HN,1689210354
234,touros,-5.1989,-35.4608,74.73,89,9,9.33,BR,1689210076
235,madalena,41.2162,-8.3345,61.56,87,94,2.13,PT,1689210355
236,minas de marcona,-15.2119,-75.1103,54.52,87,67,15.14,PE,1689210355
237,carlos chagas,-17.7031,-40.7664,68.72,82,0,6.98,BR,1689210355
238,karagay,58.2667,54.9368,56.01,95,100,7.78,RU,1689210355
239,petropavlovsk-kamchatsky,53.0452,158.6483,66.79,49,20,6.71,RU,1689210355
240,opuwo,-18.0607,13.84,46.8,31,0,7.61,NA,1689210356
241,cabo san lucas,22.8909,-109.9124,94.3,62,20,16.11,MX,1689210335
242,qaqortoq,60.7167,-46.0333,41.45,94,98,1.99,GL,1689210356
243,nova sintra,14.8667,-24.7167,70.99,79,15,4.92,CV,1689210356
244,bori,4.6737,7.362,75.34,93,100,5.03,NG,1689210356
245,lazaro cardenas,17.9583,-102.2,83.64,79,18,9.48,MX,1689210356
246,phillipsburg,40.6937,-75.1902,79.56,73,66,2.59,US,1689210357
247,maracai,-22.6106,-50.6672,70.0,51,22,7.09,BR,1689210357
248,smara,26.7384,-11.6719,87.03,31,43,13.71,EH,1689210357
249,whitehorse,60.7161,-135.0538,52.57,93,100,9.22,CA,1689210298
250,kodiak,57.79,-152.4072,56.71,82,100,5.75,US,1689210357
251,kourou,5.1552,-52.6478,73.45,87,19,1.05,GF,1689210357
252,mili,6.0815,171.735,83.53,76,6,18.59,MH,1689210357
253,katiola,8.1333,-5.1,72.23,97,23,5.19,CI,1689210358
254,north bend,43.4065,-124.2243,73.92,72,0,13.8,US,1689209845
255,port lincoln,-34.7333,135.8667,56.71,54,20,21.23,AU,1689210358
256,palmer,42.1584,-72.3287,78.35,81,75,5.75,US,1689210090
257,tucuma,-0.1833,-50.05,75.49,92,8,3.76,BR,1689210096
258,orestiada,41.5911,26.3469,73.29,63,0,0.58,GR,1689210358
259,horsham,51.064,-0.3272,60.51,92,20,2.3,GB,1689209739
260,tindouf,27.6711,-8.1474,100.85,10,1,6.91,DZ,1689210358
261,kudahuvadhoo,2.6708,72.8944,81.72,75,35,5.59,MV,1689210359
262,alta,69.9689,23.2717,65.46,52,0,6.91,NO,1689210359
263,hamilton,39.1834,-84.5333,82.56,60,0,11.5,US,1689210339
264,port macquarie,-31.4333,152.9167,66.88,53,0,5.79,AU,1689210359
265,udachny,66.4167,112.4,54.66,47,89,17.47,RU,1689210143
266,ponta delgada,37.7333,-25.6667,72.32,94,75,18.41,PT,1689210359
267,akureyri,65.6835,-18.0878,42.73,81,100,13.8,IS,1689210063
268,mangrol,21.1167,70.1167,81.61,81,65,10.8,IN,1689210360
269,mawlamyinegyunn,16.3833,95.2667,81.84,82,78,7.61,MM,1689210360
270,ocos,14.5094,-92.1933,84.38,76,100,8.19,GT,1689210360
271,kedzierzyn-kozle,50.3498,18.2261,66.18,91,100,3.2,PL,1689210360
272,san antonio de pale,-1.4014,5.6325,74.1,91,20,9.55,GQ,1689210092
273,boa vista,2.8197,-60.6733,78.78,83,40,1.14,BR,1689210360
274,terbanggi besar,-4.8667,105.2333,77.05,85,99,4.63,ID,1689210360
275,dwarka,22.2394,68.9678,82.58,76,43,14.23,IN,1689210361
276,chilliwack,49.1747,-121.9443,79.52,57,34,8.05,CA,1689210361
277,jackson,42.4165,-122.8345,91.02,27,0,5.75,US,1689209892
278,vila do maio,15.1333,-23.2167,79.59,80,14,5.23,CV,1689210361
279,fada,9.5667,8.3,67.95,98,40,2.08,NG,1689210361
280,khanty-mansiysk,61.0042,69.0019,60.91,94,40,8.99,RU,1689210361
281,zyrya,40.3661,50.2917,71.69,64,33,8.57,AZ,1689210361
282,urengoy,65.9667,78.3667,46.8,52,1,11.01,RU,1689210362
283,swabi,34.1199,72.4699,88.03,49,2,5.55,PK,1689210362
284,sandefjord,59.1312,10.2167,57.56,93,100,6.91,NO,1689210362
285,el granada,37.5027,-122.4694,82.92,78,100,17.27,US,1689210363
286,vernon,50.2581,-119.2691,76.53,50,100,4.61,CA,1689210363
287,colonia,50.9333,6.95,62.94,66,0,6.91,DE,1689210318
288,sao joao da barra,-21.6403,-41.0511,73.49,86,41,19.53,BR,1689210122
289,pangkalanbuun,-2.6833,111.6167,80.33,79,100,2.39,ID,1689210363
290,mount isa,-20.7333,139.5,71.37,56,0,12.66,AU,1689210364
291,kindu,-2.95,25.95,71.51,85,100,2.68,CD,1689210364
292,aydarken,39.9443,71.3429,68.7,26,0,6.24,KG,1689210364
293,westport,41.1415,-73.3579,82.74,69,0,4.61,US,1689210364
294,qarazhal,48.0078,70.7903,83.55,28,6,9.28,KZ,1689210364
295,armacao de buzios,-22.7469,-41.8817,71.65,86,0,17.16,BR,1689210364
296,letlhakeng,-24.0944,25.0298,43.59,80,0,6.87,BW,1689210365
297,nakonde,-9.3421,32.745,47.91,96,42,7.05,ZM,1689210365
298,alice springs,-23.7,133.8833,54.95,54,0,8.79,AU,1689210105
299,nabire,-3.3667,135.4833,81.37,82,100,1.01,ID,1689210365
300,turabah,21.2141,41.6331,82.42,21,80,6.08,SA,1689210365
301,nurabad,34.0734,47.9725,68.95,30,0,5.57,IR,1689210366
302,coquimbo,-29.9533,-71.3436,58.73,88,0,8.05,CL,1689210344
303,eyl,7.9803,49.8164,78.82,69,9,22.86,SO,1689210366
304,holualoa,19.6228,-155.9522,76.78,86,82,5.01,US,1689210366
305,sansanne-mango,10.3592,0.4708,76.42,77,100,3.8,TG,1689210366
306,bikenibeu village,1.3673,173.1241,85.96,74,40,6.91,KI,1689210366
307,tamanrasset,22.785,5.5228,78.71,14,20,4.61,DZ,1689210366
308,'ain el melh,34.8415,4.1638,84.4,24,1,7.23,DZ,1689210367
309,guajara mirim,-10.7828,-65.3394,76.68,57,7,2.04,BR,1689210290
310,manta,-0.95,-80.7333,80.01,78,40,18.01,EC,1689210249
311,roma,43.2128,-75.4557,71.73,73,0,4.61,US,1689210367
312,yung shue wan,22.2333,114.1167,90.34,75,96,2.68,HK,1689210367
313,celestun,20.8667,-90.4,83.93,76,29,19.89,MX,1689210367
314,kalymnos,36.95,26.9833,81.93,50,0,8.05,GR,1689210368
315,kruisfontein,-34.0033,24.7314,47.61,75,0,4.34,ZA,1689210368
316,bengkulu,-3.8004,102.2655,76.95,90,64,4.76,ID,1689210283
317,pimentel,-6.8367,-79.9342,71.89,83,75,16.11,PE,1689210368
318,labuan,5.2767,115.2417,80.96,83,20,3.44,MY,1689210368
319,egilsstadir,65.2653,-14.3948,40.91,81,75,3.44,IS,1689210368
320,callao,-12.0667,-77.15,70.09,73,100,11.5,PE,1689210185
321,selfoss,63.9331,-20.9971,45.05,70,71,10.54,IS,1689210369
322,howrah,22.5892,88.3103,84.2,84,40,3.44,IN,1689210069
323,avarua,-21.2078,-159.775,80.65,78,75,16.11,CK,1689210369
324,patra,38.2444,21.7344,79.83,60,0,2.64,GR,1689210369
325,pitimbu,-7.4706,-34.8086,73.99,83,40,9.42,BR,1689210369
326,tiruvannamalai,12.2167,79.0667,78.76,83,100,3.24,IN,1689210370
327,zabol,32.25,67.25,71.71,24,0,7.16,AF,1689210370
328,portel,-1.9356,-50.8211,75.13,90,65,2.64,BR,1689210370
329,cruzeiro do sul,-29.5128,-51.9853,66.51,95,100,7.11,BR,1689210290
330,haiku-pauwela,20.9219,-156.3051,86.02,57,40,24.16,US,1689210370
331,santa elena,-2.2333,-80.85,76.93,81,45,6.06,EC,1689210370
332,zaragoza,41.6561,-0.8773,72.05,60,0,17.27,ES,1689210371
333,asaita,11.5636,41.4394,91.22,38,74,5.73,ET,1689210371
334,yasuj,30.6682,51.588,67.55,45,0,0.0,IR,1689210371
335,alofi,-19.0595,-169.9187,77.52,82,83,7.74,NU,1689210371
336,cambria,35.5641,-121.0808,95.23,62,24,5.77,US,1689210371
337,morki,56.4303,48.9947,50.99,92,100,6.93,RU,1689210371
338,karachi,24.9056,67.0822,85.82,70,75,13.8,PK,1689210372
339,tazovsky,67.4667,78.7,40.33,64,7,11.83,RU,1689210372
340,nar'yan-mar,67.6713,53.087,45.66,72,100,12.12,RU,1689210372
341,puerto leguizamo,-0.1934,-74.7819,76.12,81,95,1.19,CO,1689210372
342,madras,13.0878,80.2785,76.98,94,100,6.91,IN,1689210133
343,kerikeri,-35.2268,173.9474,60.91,77,5,4.0,NZ,1689210372
344,cukai,4.25,103.4167,75.15,85,24,5.01,MY,1689210373
345,remedios,22.4947,-79.5458,83.32,81,42,9.15,CU,1689210373
346,nouadhibou,20.931,-17.0347,71.58,88,19,8.05,MR,1689210373
347,oranjemund,-28.55,16.4333,62.98,32,0,12.5,NA,1689210373
348,midar,34.9403,-3.5331,78.17,22,5,3.24,MA,1689210374
349,vorkuta,67.5,64.0,46.67,62,0,9.4,RU,1689210374
350,tchollire,8.4022,14.1698,75.47,79,100,2.55,CM,1689210374
351,badger,64.8,-147.5333,70.52,52,75,10.36,US,1689210375
352,krutinka,56.0055,71.5113,70.72,66,16,14.45,RU,1689210375
353,remire-montjoly,4.9167,-52.2667,73.44,100,0,0.0,GF,1689210375
354,commentry,46.2921,2.7416,57.67,93,78,4.94,FR,1689210375
355,bang saphan,11.2126,99.5117,82.99,74,57,7.58,TH,1689210375
356,pontes e lacerda,-15.2261,-59.3353,73.71,46,4,2.26,BR,1689210123
357,tambura,5.6,27.4667,68.14,95,28,1.72,SS,1689210376
358,aykhal,66.0,111.5,52.02,52,90,20.49,RU,1689210376
359,luderitz,-26.6481,15.1594,66.54,26,0,24.92,NA,1689210376
360,kirensk,57.7853,108.1119,65.25,47,0,4.45,RU,1689210376
361,saint-philippe,-21.3585,55.7679,69.39,72,3,2.71,RE,1689210376
362,revda,56.801,59.9303,55.96,88,0,7.67,RU,1689210376
363,levuka,50.1834,-105.4011,71.33,56,75,5.75,CA,1689210377
364,tura,25.5198,90.2201,76.12,94,95,7.05,IN,1689210377
365,zhumysker,49.3333,49.4,65.53,55,100,10.18,KZ,1689210377
366,nogliki,51.8333,143.1667,60.76,64,0,14.09,RU,1689210377
367,xuddur,4.1213,43.8894,70.05,77,79,19.77,SO,1689210377
368,hotan,37.0997,79.9269,77.83,29,0,4.05,CN,1689210378
369,kirakira,-10.4544,161.9205,76.71,91,100,13.76,SB,1689210378
370,stjordalshalsen,63.4681,10.9262,62.6,72,100,11.5,NO,1689210378
371,weno,7.4515,151.8468,83.55,78,87,13.11,FM,1689210378
372,greymouth,-42.4667,171.2,51.03,90,100,8.93,NZ,1689210378
373,yinchuan,38.4681,106.2731,67.05,61,100,10.0,CN,1689210379
374,tame,6.461,-71.73,73.62,89,22,3.49,CO,1689210379
375,an nimas,19.1455,42.1201,70.72,27,100,5.06,SA,1689210379
376,carauari,-4.8828,-66.8958,79.59,72,65,1.19,BR,1689210379
377,stornoway,58.2093,-6.3865,54.09,87,20,2.3,GB,1689210379
378,fale old settlement,-9.3852,-171.2468,83.28,75,64,11.86,TK,1689210380
379,tokar,18.4254,37.729,86.41,53,6,4.0,SD,1689210380
380,abepura,-2.6333,140.5833,88.61,58,40,9.22,ID,1689210380
381,island harbour,50.724,-1.2758,61.93,89,5,1.99,GB,1689210380
382,uturoa,-16.7333,-151.4333,79.74,73,1,18.12,PF,1689210380
383,luena,-11.7833,19.9167,57.38,54,0,9.22,AO,1689210381
384,saudarkrokur,65.7461,-19.6394,41.25,90,90,15.32,IS,1689210130
385,rio grande,-32.035,-52.0986,60.91,92,100,31.43,BR,1689210381
386,new haven,41.4001,-72.9329,81.52,75,0,0.0,US,1689209891
387,tinde,-3.8833,33.2,65.21,64,4,10.67,TZ,1689210381
388,nagqu,31.5,92.0,41.07,93,100,5.61,CN,1689210319
389,saldanha,-33.0117,17.9442,53.65,56,69,9.53,ZA,1689210382
390,saint david's,12.0333,-61.6667,81.84,83,75,13.8,GD,1689210382
391,sao felix do xingu,-6.6447,-51.995,81.1,48,48,0.4,BR,1689210382
392,hasaki,35.7333,140.8333,82.8,78,100,7.56,JP,1689210382
393,wuhai,39.6647,106.8122,71.2,46,100,11.43,CN,1689210285
394,vilyuysk,63.7553,121.6247,62.53,49,100,2.24,RU,1689210382
395,sittwe,20.15,92.9,80.33,88,100,13.85,MM,1689210383
396,gjilan,42.4604,21.4699,66.15,64,0,2.13,XK,1689210383
397,volchikha,52.0333,80.3833,81.5,40,14,1.19,RU,1689210383
398,nova vicosa,-17.8919,-39.3719,71.24,87,0,8.59,BR,1689210383
399,burang,30.25,81.1667,50.05,88,100,3.15,CN,1689210193
400,forster,-32.1667,152.5167,65.37,60,0,4.34,AU,1689210383
401,warrenton,-28.114,24.8475,41.74,49,1,6.11,ZA,1689210383
402,vila franca do campo,37.7167,-25.4333,72.01,93,88,18.77,PT,1689210384
403,piton saint-leu,-21.2196,55.3151,66.31,60,6,9.22,RE,1689210384
404,codrington,-38.2667,141.9667,53.28,67,100,18.5,AU,1689210384
405,tadine,-21.55,167.8833,71.46,53,100,18.68,NC,1689210384
406,fort wellington,6.4,-57.6,77.54,87,12,6.24,GY,1689210253
407,nuuk,64.1835,-51.7216,65.01,63,20,2.3,GL,1689210209
408,murghob,38.1702,73.9667,52.38,30,0,2.75,TJ,1689210385
409,shagonar,51.5333,92.8,65.52,74,95,0.22,RU,1689210385
410,natal,-5.795,-35.2094,75.85,94,20,4.61,BR,1689210247
411,sault ste. marie,46.5168,-84.3333,66.49,64,0,2.3,CA,1689210385
412,zacatlan,19.9333,-97.9667,62.13,94,93,3.89,MX,1689210299
413,kapa'a,22.0752,-159.319,86.32,76,20,9.22,US,1689210385
414,puerto gaitan,4.3133,-72.0816,79.16,76,3,3.27,CO,1689210345
415,oqtosh,39.9214,65.9253,82.4,18,0,3.18,UZ,1689210386
416,merced,37.1666,-120.7516,99.28,16,0,13.49,US,1689210386
417,kalemie,-5.9475,29.1947,73.33,66,1,17.25,CD,1689210386
418,senillosa,-39.0,-68.4167,38.98,86,42,2.44,AR,1689210386
419,turkmenbasy,40.0222,52.9552,70.57,64,0,16.11,TM,1689210386
420,abyek,36.0667,50.55,62.2,69,1,3.29,IR,1689210386
421,penn yan,42.6609,-77.0539,73.15,88,75,3.44,US,1689210387
422,sirohi,24.8833,72.8667,79.65,86,100,9.64,IN,1689210387
423,jamjamal,35.5365,44.8317,89.94,19,0,5.77,IQ,1689210387
424,dubreka,9.7911,-13.5233,78.87,93,94,2.06,GN,1689210387
425,viedma,-40.8135,-62.9967,39.83,89,44,4.45,AR,1689210095
426,patan,27.6667,85.3333,72.0,100,75,2.3,NP,1689210387
427,tumsar,21.3833,79.7333,76.32,94,100,6.29,IN,1689210387
428,baker city,44.7749,-117.8344,84.6,31,0,9.22,US,1689210171
429,yamada,39.4667,141.95,79.65,54,31,10.0,JP,1689210388
430,bria,6.5423,21.9863,69.24,91,100,1.88,CF,1689210388
431,la sarre,48.8002,-79.1996,60.39,62,100,1.61,CA,1689210388
432,cholpon-ata,42.6494,77.0823,62.65,48,0,3.27,KG,1689210388
433,broome,42.2506,-75.833,73.78,92,100,4.61,US,1689210389
434,baoying,33.2292,119.3092,80.85,90,100,4.52,CN,1689210333
435,shihezi,44.3,86.0333,81.81,22,0,2.33,CN,1689210389
436,las khorey,11.1595,48.1967,88.21,55,17,8.55,SO,1689210389
437,chissamba,-12.1667,17.3333,46.42,36,0,4.65,AO,1689210389
438,bubaque,11.2833,-15.8333,80.78,80,100,10.13,GW,1689210390
439,sur,22.5667,59.5289,87.98,58,37,6.82,OM,1689210390
440,karkira,36.9292,6.5856,85.77,38,0,2.26,DZ,1689210390
441,chulakkurgan,43.765,69.1814,79.9,30,0,1.28,KZ,1689210390
442,gopalpur,19.2667,84.9167,83.48,77,100,4.52,IN,1689210390
443,point pedro,9.8167,80.2333,81.48,84,100,19.66,LK,1689210390
444,kalmunai,7.4167,81.8167,78.66,77,42,4.94,LK,1689210391
445,road town,18.4167,-64.6167,82.49,83,40,10.36,VG,1689210391
446,aripuana,-9.1667,-60.6333,80.76,59,90,2.15,BR,1689210391
447,tomatlan,19.9333,-105.25,87.67,61,12,6.31,MX,1689210391
448,labasa,-16.4167,179.3833,76.89,81,87,13.44,FJ,1689210391
449,puyang,29.4603,119.8861,87.21,68,100,4.36,CN,1689210391
450,altinyayla,39.2725,36.751,55.36,76,0,3.78,TR,1689210392
451,puerto madryn,-42.7692,-65.0385,43.23,74,11,12.73,AR,1689210372
452,antsiranana,-12.2787,49.2917,71.1,78,10,13.42,MG,1689210392
453,mugia,43.1041,-9.2179,60.91,81,99,7.0,ES,1689210392
454,walvis bay,-22.9575,14.5053,72.09,26,0,17.27,NA,1689210392
455,tataouine,32.9297,10.4518,73.29,71,0,4.38,TN,1689210392
456,marsa alam,25.0757,34.8918,86.36,54,0,8.3,EG,1689210392
457,lagos,6.5833,3.75,77.32,95,100,3.04,NG,1689210329
458,tarawa,1.419,172.984,86.09,74,40,6.91,KI,1689210393
459,utete,-7.986,38.758,66.16,87,92,2.8,TZ,1689210393
460,strugi-krasnyye,58.2675,29.1114,49.66,70,17,5.3,RU,1689210393
461,tiquipaya,-17.3382,-66.2189,56.12,28,46,0.0,BO,1689210393
462,kampong thom,12.7111,104.8887,86.41,66,21,2.13,KH,1689210393
463,mahibadhoo,3.7833,72.9667,81.97,75,7,7.4,MV,1689210394
464,chibougamau,49.9168,-74.3659,62.22,63,20,2.3,CA,1689210147
465,midoun,33.8081,10.9923,76.86,69,0,10.47,TN,1689210394
466,ulladulla,-35.35,150.4667,64.0,34,19,4.76,AU,1689210394
467,san clemente,33.427,-117.612,98.26,56,0,3.0,US,1689210394
468,trairi,-3.2778,-39.2689,78.22,83,0,10.13,BR,1689210394
469,kaa-khem,51.6833,94.7333,69.08,63,48,7.16,RU,1689210394
470,mokopane,-24.1944,29.0097,44.38,82,0,0.51,ZA,1689210395
471,tamarin,-20.3256,57.3706,67.51,79,2,6.49,MU,1689210395
472,biltine,14.5333,20.9167,82.85,51,83,9.08,TD,1689210395
473,quellon,-43.1167,-73.6167,42.49,84,100,8.63,CL,1689210195
474,rodino,52.5,80.25,81.12,41,2,4.07,RU,1689210395
475,geraldton,-28.7667,114.6,59.41,100,100,5.75,AU,1689210395
476,fortaleza,-3.7227,-38.5247,80.73,78,20,10.36,BR,1689210309
477,togur,58.3631,82.8265,62.42,88,100,3.02,RU,1689210396
478,awjilah,29.1081,21.2869,78.85,32,0,9.15,LY,1689210396
479,el nido,11.1858,119.3956,80.89,82,100,10.56,PH,1689210396
480,cotonou,6.3654,2.4183,76.98,88,40,2.3,BJ,1689210324
481,jaisalmer,26.9147,70.9181,82.42,69,0,18.81,IN,1689210396
482,la malbaie,47.6575,-70.1559,72.14,87,78,4.56,CA,1689210152
483,iwanai,42.9744,140.5089,63.97,97,100,10.27,JP,1689210397
484,aweil,8.7682,27.4002,74.14,80,94,2.71,SS,1689210397
485,makarov,48.6333,142.8,57.67,76,100,17.96,RU,1689210397
486,fomboni,-12.28,43.7425,78.04,72,4,21.92,KM,1689210397
487,mogadishu,2.0371,45.3438,76.96,85,100,18.34,SO,1689210397
488,rouyn-noranda,48.2398,-79.0288,68.09,45,40,2.3,CA,1689210397
489,anupgarh,29.1911,73.2086,91.51,56,3,9.86,IN,1689210397
490,jayapura,-2.5333,140.7,88.99,74,65,8.03,ID,1689210349
491,iraucuba,-3.7461,-39.7833,73.45,79,0,5.35,BR,1689210398
492,pandan,14.0453,124.1694,83.84,76,100,12.48,PH,1689210398
493,le port,-20.9373,55.2919,69.8,86,6,3.04,RE,1689210399
494,port isabel,26.0734,-97.2086,87.89,76,40,16.11,US,1689210399
495,independence,39.0911,-94.4155,91.49,54,100,5.75,US,1689210400
496,maceio,-9.6658,-35.7353,71.04,94,20,2.3,BR,1689210400
497,betio village,1.358,172.9211,86.04,78,64,11.74,KI,1689210400
498,fort st. john,56.2499,-120.8529,80.49,39,75,6.91,CA,1689210400
499,butwal,27.7006,83.4484,79.54,90,98,2.89,NP,1689210400
500,padang,-0.9492,100.3543,75.25,84,40,2.1,ID,1689210130
501,toamasina,-18.1667,49.3833,66.2,88,75,16.11,MG,1689210137
502,lewiston orchards,46.3804,-116.9754,92.5,22,0,11.5,US,1689210401
503,north battleford,52.7834,-108.2847,70.41,39,26,12.08,CA,1689210401
504,buchanan,5.8808,-10.0467,76.24,90,100,6.78,LR,1689210401
505,lata,40.1629,-8.3327,56.39,93,69,2.39,PT,1689210401
506,merizo village,13.2658,144.6691,85.98,88,100,9.42,GU,1689210401
507,severnoye,56.3491,78.3619,73.13,67,76,7.11,RU,1689210402
508,kondratovo,57.9804,56.1066,59.29,82,75,11.18,RU,1689210402
509,talcher,20.95,85.2167,82.0,81,100,0.6,IN,1689210402
510,kanniyakumari,8.0833,77.5667,78.96,83,100,18.23,IN,1689210402
511,marivan,35.5219,46.176,71.38,42,0,7.78,IR,1689210402
512,fonte boa,-2.4959,-66.2662,78.4,77,82,2.57,BR,1689210403
513,sinjar,36.3209,41.8754,82.38,17,0,9.19,IQ,1689210403
514,kaspiyskiy,45.3929,47.3707,68.25,70,100,11.3,RU,1689210403
515,sorong,-0.8833,131.25,82.13,78,22,5.99,ID,1689210403
516,chita,52.0333,113.55,69.69,56,0,6.71,RU,1689210403
517,hue,16.4667,107.6,87.91,66,0,4.61,VN,1689210403
518,demidov,55.2706,31.515,48.04,83,8,5.59,RU,1689210404
519,kaoma,-14.7833,24.8,48.31,75,0,7.11,ZM,1689210404
520,kathu,7.9178,98.3332,83.7,99,21,8.93,TH,1689210404
521,laguna,38.421,-121.4238,99.54,30,0,10.36,US,1689210404
522,new plymouth,-39.0667,174.0833,56.55,92,90,19.89,NZ,1689210405
523,korla,41.7597,86.1469,79.77,36,0,2.51,CN,1689210405
524,fortuna,40.5982,-124.1573,61.72,82,20,12.66,US,1689210405
525,pauini,-7.7136,-66.9764,81.63,62,93,2.13,BR,1689210405
526,bel ombre,-4.6167,55.4167,77.65,80,83,19.51,SC,1689210405
527,iskushuban,10.2837,50.23,85.46,38,6,22.77,SO,1689210405
528,balkanabat,39.5108,54.3671,84.43,36,1,3.04,TM,1689210406
529,ust'-ilimsk,58.0006,102.6619,66.81,43,2,6.44,RU,1689210406
530,phongsali,21.6833,102.1058,66.31,88,38,1.45,LA,1689210406
531,mariehamn,60.0973,19.9348,64.26,82,100,11.5,AX,1689210406
532,basco,20.4487,121.9702,84.72,79,98,17.92,PH,1689210406
533,axim,4.8699,-2.2405,75.6,91,100,7.63,GH,1689210407
534,ixtapa,20.7,-105.2,89.22,70,100,9.22,MX,1689210407
535,lushun,38.8,121.2667,73.62,99,100,14.72,CN,1689210407
536,mikhaylov,54.2292,39.0186,50.58,79,100,8.25,RU,1689210407
537,bardai,11.65,7.2333,74.05,82,41,7.54,NG,1689210407
538,udaipur,24.5712,73.6918,77.65,87,100,7.81,IN,1689210407
539,kaga bandoro,6.9896,19.1874,71.55,94,100,2.37,CF,1689210408
540,turochak,52.2576,87.1224,67.8,89,11,2.44,RU,1689210408
541,achikulak,44.5517,44.8378,65.5,73,46,6.82,RU,1689210408
542,shitanjing,39.2342,106.3439,69.46,42,99,10.42,CN,1689210408
543,tateyama,34.9833,139.8667,78.73,85,100,22.08,JP,1689210408
544,vuktyl,63.8567,57.3094,56.35,71,20,10.92,RU,1689210408
545,illizi,26.4833,8.4667,82.72,16,0,8.88,DZ,1689210408
546,agadez,19.75,10.25,88.12,13,100,9.98,NE,1689210409
547,katsuren-haebaru,26.3369,127.8719,89.62,70,23,12.26,JP,1689210409
548,plettenberg bay,-34.0527,23.3716,53.19,66,0,3.27,ZA,1689210409
549,belalcazar,2.6547,-75.9928,58.89,97,77,2.13,CO,1689210409
550,la ronge,55.1001,-105.2842,70.2,38,90,8.7,CA,1689210409
551,fuerte olimpo,-21.0415,-57.8738,79.72,57,36,11.83,PY,1689210409
552,djibouti,11.5,42.5,87.13,40,66,1.45,DJ,1689210143
553,caleta de carquin,-11.0925,-77.6267,67.96,84,34,12.64,PE,1689210410
554,sechura,-5.5569,-80.8222,72.97,73,6,18.61,PE,1689210410
555,upington,-28.4478,21.2561,48.49,38,0,7.07,ZA,1689210410
556,luanda,-8.8368,13.2343,68.0,88,75,0.0,AO,1689210410
557,cam ranh,11.9214,109.1591,87.76,66,0,1.14,VN,1689210410
558,el charco,2.4769,-78.1105,79.14,88,100,3.98,CO,1689210410
559,greenville,35.6127,-77.3663,82.44,83,0,0.0,US,1689209868
560,tual,-5.6667,132.75,79.2,87,100,21.97,ID,1689210411
561,aktau,43.65,51.2,64.98,65,0,9.71,KZ,1689210411
562,havre,49.5833,0.3333,60.57,88,100,16.11,FR,1689210411
563,zadar,44.1197,15.2422,75.81,53,0,5.75,HR,1689210411
564,madera,37.1666,-119.8343,99.23,14,0,8.93,US,1689210411
565,bambanglipuro,-7.95,110.2833,76.91,78,83,3.49,ID,1689210411
566,santa maria,-29.6842,-53.8069,59.41,94,100,17.54,BR,1689210412
567,gaiman,-43.2897,-65.4929,40.57,78,11,6.2,AR,1689210412
568,darwin,-12.4611,130.8418,81.9,50,0,16.11,AU,1689210412
569,newman,37.3138,-121.0208,102.54,10,0,9.22,US,1689210412
570,vurnary,55.4904,46.9648,45.32,96,90,7.45,RU,1689210412
571,sesheke,-17.4759,24.2968,46.33,67,0,6.24,ZM,1689210412
572,charters towers,-20.1,146.2667,72.27,45,0,13.13,AU,1689210413
573,ketchikan,55.3422,-131.6461,70.27,46,0,6.91,US,1689210413
